id,rarity,name
"0","1337","O"
"0","epic","Binary OFF"
"0","idiot","–ù—É–ª–∏–Ω–∞"
"0","legendary","Singleplayer"
"0","normal","–ù–∞—á–∞–ª–æ"
"0","rare","The Void"
"007","legendary","James Bond"
"1","idiot","–í –∂–∞–ª–æ"
"1","1337","i"
"1","epic","Binary ON"
"1","legendary","First Prime Number"
"1","normal","Single unit of countering or measurement"
"1","normal","–ü–µ—Ä–≤—ã–π –ö–∞–Ω–∞–ª"
"1","rare","üçæ–ü–µ—Ä–≤–∞–∫üçæ"
"10","epic","10 out of 10"
"10","1337","Input/Output"
"10","idiot","–û–ø–∞, —á–∏—Ä–∏–∫"
"10","legendary","–ù–∞ –ø–æ—Ä—è–¥–æ–∫ –≤—ã—à–µ"
"10","normal","Decade"
"10","rare","Smallest noncototient"
"10^-19","legendary","–ö–≤–∞—Ä–∫, –º–µ–ª—å—á–∞–π—à–∞—è –∏–∑–≤–µ—Å—Ç–Ω–∞—è —á–∞—Å—Ç–∏—Ü–∞ –≤–æ –≤—Å–µ–ª–µ–Ω–Ω–æ–π"
"100","normal","–°—Ç–æ"
"1000","normal","–¢—ã—Å—è—á–∞"
"10000","normal","–î–µ—Å—è—Ç—å —Ç—ã—Å—è—á"
"100000","normal","–°—Ç–æ —Ç—ã—Å—è—á"
"1000000","normal","–ú–∏–ª–ª–∏–æ–Ω"
"10000000","normal","–î–µ—Å—è—Ç—å –º–∏–ª–ª–∏–æ–Ω–æ–≤"
"100000000","normal","–°—Ç–æ –º–∏–ª–ª–∏–æ–Ω–æ–≤"
"1000000000","normal","–ú–∏–ª–ª–∏–∞—Ä–¥"
"10000000000","normal","–î–µ—Å—è—Ç—å –º–∏–ª–ª–∏–∞—Ä–¥–æ–≤"
"100000000000","normal","–°—Ç–æ –º–∏–ª–ª–∏–∞—Ä–¥–æ–≤"
"1000000000000","normal","–¢—Ä–∏–ª–ª–∏–æ–Ω"
"10000000000000","normal","–î–µ—Å—è—Ç—å —Ç—Ä–∏–ª–ª–∏–æ–Ω–æ–≤"
"100000000000000","normal","–°—Ç–æ —Ç—Ä–∏–ª–ª–∏–æ–Ω–æ–≤"
"1000000000000000","normal","–ö–≤–∞–¥—Ä–∏–ª–ª–∏–æ–Ω"
"10000000000000000","normal","–î–µ—Å—è—Ç—å –∫–≤–∞–¥—Ä–∏–ª–ª–∏–æ–Ω–æ–≤"
"100000000000000000","normal","–°—Ç–æ –∫–≤–∞–¥—Ä–∏–ª–ª–∏–æ–Ω–æ–≤"
"1000000000000000000","normal","–ö–≤–∏–Ω—Ç–∏–ª–ª–∏–æ–Ω"
"1000000000000000000","normal","–î–µ—Å—è—Ç—å –∫–≤–∏–Ω—Ç–∏–ª–ª–∏–æ–Ω–æ–≤"
"10000000000000000000","normal","–°—Ç–æ –∫–≤–∏–Ω—Ç–∏–ª–ª–∏–æ–Ω–æ–≤"
"100000000000000000000","normal","–°–µ–∫—Å—Ç–∏–ª–ª–∏–æ–Ω"
"100000000000000000000","normal","–î–µ—Å—è—Ç—å —Å–µ–∫—Å—Ç–∏–ª–ª–∏–æ–Ω–æ–≤"
"1000000000000000000000","normal","–°—Ç–æ —Å–µ–∫—Å—Ç–∏–ª–ª–∏–æ–Ω–æ–≤"
"10000000000000000000000","normal","–°–µ–ø—Ç–∏–ª–ª–∏–æ–Ω"
"10000000000000000000000","normal","–î–µ—Å—è—Ç—å —Å–µ–ø—Ç–∏–ª–ª–∏–æ–Ω–æ–≤"
"100000000000000000000000","normal","–°—Ç–æ —Å–µ–ø—Ç–∏–ª–ª–∏–æ–Ω–æ–≤"
"1000000000000000000000000","normal","–û–∫—Ç–∏–ª–ª–∏–æ–Ω"
"1008","normal","1008 Bukkake"
"101","rare","Binary"
"1024","normal","–ö–∏–ª–æ–±–∞–π—Ç"
"1024","rare","1 Kilobyte for old school"
"1046","normal","–í—Ç–æ—Ä–æ–µ –ø—Ä–∏—à–µ—Å—Ç–≤–∏–µ"
"1050","normal","1050–≥"
"1080","rare","Full HD resolution (1920x1080)"
"11","1337","II"
"11","epic","First Two-Digit Prime Number"
"11","idiot","–†–∞–∑! –†–∞–∑! –≠—Ç–æ —Ö–∞—Ä–¥–±–∞—Å—Å!"
"11","legendary","–û—á–µ–Ω—å —Å—Ç—Ä–∞–Ω–Ω—ã–µ –¥–µ–ª–∞"
"11","normal","–ü–µ—à–∫–æ–º"
"11","rare","November"
"1125","normal","–ü—Ä–æ–º–∏–ª–ª–µ—Ä–∏–π"
"12","epic","Year"
"12","1337","L"
"12","idiot","–†–∞–∑–î–≤–∞][https://youtu.be/_chlNetwWdc"
"12","legendary","12 Angry Men"
"12","normal","–î—é–∂–∏–Ω–∞"
"12","rare","December"
"1200","normal","–¢—ã—Å—è—á–∞ –∏ –¥–≤–∞–¥—Ü–∞—Ç—å"
"13","1337","B"
"13","epic","Unlucky"
"13","legendary","Friday 13"
"13","normal","–ß—ë—Ä—Ç–æ–≤–∞ –¥—é–∂–∏–Ω–∞"
"13","rare","13th Floor"
"1337","1337","Leet Speak"
"1337","normal","1337"
"14","legendary","14th Century"
"14","rare","–ú–æ–∂–Ω–æ –ø–∞—Å–ø–æ—Ä—Ç –ø–æ–ª—É—á–∞—Ç—å"
"144","epic","Allo! Eto pro-gamer?"
"1440","rare","Quad HD resolution (2560x1440)"
"149","normal","Pokemon Mewtwo"
"16","normal","Base in hexadecimal number system"
"1729","normal","1729"
"18","normal","–ó–∞–±–∏—Ä–∞–π –º–µ–Ω—è —Å–∫–æ—Ä–µ–π"
"1984","normal","George Orwell's Novel"
"2","1337","Half-Life 2"
"2","epic","Lord of the rings: Two towers"
"2","idiot","Two Girls One Cup"
"2","idiot","–ù–µ–ø–∞—Ä–∞][https://www.youtube.com/watch?v=7mknQoaXEv0"
"2","legendary","Postal 2"
"2","legendary","PlayStation 2"
"2","normal","–ü–∞—Ä–∞"
"2","rare","üèÜDouble-KillüèÜ"
"2.718","rare","Euler's Number"
"20","normal","–ü–∞–ª—å—Ü—ã"
"2000","normal","–î–≤–∞ —Ç—ã—Å—è—á–∏"
"2001","normal","Space Odyssey"
"2001","rare","A Space Odyssey"
"202","normal","2020 Vision"
"2048","rare","Unicode: ‚Åà"
"2048","normal","Popular mobile game"
"2069","normal","2069"
"2077","epic","Wake the fuck up, samurai"
"21","rare","Blackjack"
"2137","normal","2137"
"2147483647","epic","Maximum value for a 32-bit integer"
"2160","rare","4K UHD resolution (3840x2160)"
"22","rare","Double eleven"
"228","idiot","–°—á–∞—Å—Ç—å–µ –≤ –¥–æ–º –ø—Ä–∏–Ω–æ—Å–∏–º"
"23","rare","Number of chromosomes in a human sperm or egg cell"
"24","normal","–°—É—Ç–∫–∏"
"24","rare","Based movie framerate"
"240","legendary","–ö–∞–∫ —Ç–∞–º? –ù–∞ —Ç–æ–π —Å—Ç–æ—Ä–æ–Ω–µ FPS?"
"2468","normal","–ß–∞—Å—Ç—å —á–∏—Å–ª–∞ –ü–∏"
"25","normal","–ß–µ—Ç–≤–µ—Ä—Ç–∞–∫"
"25","rare","Quarter"
"251","rare","Hello, MKBHD here."
"2500","normal","–î–≤–∞ —Ç—ã—Å—è—á–∏ –ø—è—Ç—å—Å–æ—Ç"
"256","epic","A programmer's favorite number"
"256","normal","Byte-sized"
"2567","normal","2567"
"26","rare","Number of letters in the English alphabet"
"27","rare","Number of bones in the human hand"
"28","rare","National cry yourself to sleep day"
"29","rare","Number of days in February during a non-leap year"
"3","epic","Triple-Kill"
"3","1337","E"
"3","epic","Three Laws of Robotics"
"3","idiot","Threesome"
"3","legendary","Windows 3"
"3","legendary","Warcraft 3"
"3","legendary","TriForce"
"3","normal","PlayStation 3"
"3","rare","PlayStation 3 Slim"
"30","rare","Console peasant FPS for smooth gameplay"
"3000","normal","–¢—Ä–∏ —Ç—ã—Å—è—á–∏"
"3000","rare","P(i)P-boy"
"31","rare","Masturbation in Turkey -3 is hand, -1 is cock"
"3141","normal","Pikachu's Pokedex number"
"3141592","normal","Pi to Seven Digits"
"3142","normal","Squirtle's Pokedex number"
"3143","normal","Bulbasaur's Pokedex number"
"32","normal","–ó—É–±—ã"
"32","rare","Number of bits in a typical CPU architecture"
"322","rare","–ü–æ–¥—Å—Ç–∞–≤–Ω–æ–π –º–∞—Ç—á –≤ –∫–∏–±–µ—Ä—Å–ø–æ—Ä—Ç–µ"
"33","rare","Age of Jesus at his death"
"34","legendary","Basic rule of the internets"
"35","normal","35–º–º - –ø–ª—ë–Ω–∫–∞"
"35","rare","Cinema film size - 35mm"
"36","normal","36 –í–∏–¥–æ–≤ –≥–æ—Ä—ã Fuji"
"36","rare","Number of inches in a yard"
"365","legendary","No scope, no life"
"37","rare","Number of plays by William Shakespeare"
"38","1337","Balls deep 8==D"
"39","rare","Hatsune Miku"
"4","idiot","–ß—ë?"
"4","epic","Quad Damage"
"4","1337","Fuck You 00100"
"4","legendary","Quadra-Kill"
"4","normal","Four-Leaf Clover"
"4","rare","Four Elements"
"40","rare","Number of weeks in an average pregnancy"
"404","normal","Not Found"
"404","rare","Not Found"
"4096","rare","Common page size in operating systems (in bytes)"
"42","normal","The answer to life, the universe, and everything"
"42","rare","Answer to the Ultimate Question of Life, the Universe, and Everything"
"4294967296","epic","Number of possible values in a 32-bit system"
"43","rare","Number of muscles in the human face"
"44","rare","+44: Alo, England?"
"45","rare","Number of US presidents"
"46","normal","–•—Ä–æ–º–æ—Å–æ–º —É —á–µ–ª–æ–≤–µ–∫–∞"
"46","rare","Number of chromosomes in a human cell"
"47","epic","Codename 47"
"47","normal","47 —Ä–æ–Ω–∏–Ω"
"48","rare","Number of states in US"
"5","1337","LOL 101"
"5","idiot","Pentagon"
"5","legendary","–ö–∞–º–Ω–∏ –±–µ—Å–∫–æ–Ω–µ—á–Ω–æ—Å—Ç–∏][https://youtu.be/8SJC-G-H_jU"
"5","normal","–î–∞–π –ø—è—Ç—å][https://youtu.be/4JopR83_1Jk"
"5","epic","PlayStation 5"
"5","rare","üèÜPentakillüèÜ"
"50","normal","–ü–æ–ª–æ–≤–∏–Ω–∞"
"505","normal","–í—Ä–µ–º—è –∏ –°—Ç–µ–∫–ª–æ"
"5051","1337","SOSI"
"512","normal","512 MB RAM"
"512","rare","–ö–∏–±–∏–±–∞–π—Ç"
"52","normal","–ö–∞—Ä—Ç–æ—á–Ω–∞—è –∫–æ–ª–æ–¥–∞"
"53","normal","–ù–µ–¥–µ–ª—å –≤ –≤–∏—Å–æ–∫–æ—Å–Ω–æ–º –≥–æ–¥—É"
"6","idiot","Sex"
"6","epic","6 String Guitar"
"6","1337","b"
"6","legendary","Dice"
"6","normal","Carbon"
"6","rare","Six-pack Abs"
"60","normal","–ú–∏–Ω—É—Ç–∞"
"60","rare","Standard FPS for smooth gameplay"
"6006","normal","Palindrome"
"61","normal","–ö–Ω–æ–ø–æ–∫ –≤ —Å—Ç–∞–Ω–¥–∞—Ä—Ç–Ω–æ–π –ø–µ—á–∞—Ç–Ω–æ–π –º–∞—à–∏–Ω–∫–µ"
"64","1337","I want to upgrade from my simple eight bits, But will you still love me when I'm 64?"
"64","normal","–®–∞—Ö–º–∞—Ç–Ω–∞—è –¥–æ—Å–∫–∞"
"64","rare","64 Bit Architecture"
"65536","epic","Maximum number of ports in TCP/UDP"
"666","normal","Number of the Beast"
"666","normal","Number of the Beast"
"69","normal","Nice"
"7","1337","T"
"7","epic","Lucky"
"7","idiot","7Ô∏è‚É£"
"7","legendary","Windows 7"
"7","normal","Week"
"7","rare","7 Eleven"
"73","legendary","The Best Number according to Sheldon Cooper"
"7680","epic","8K UHD resolution (7680x4320)"
"777","legendary","üç∑ –ü–æ—Ä—Ç–≤–µ—à–æ–∫ –¢—Ä–∏ –¢–æ–ø–æ—Ä–∞ üç∑"
"777","normal","Lucky Seven"
"8","1337","8 Bits are enough for me][https://youtu.be/GoGpLl-SUfk"
"8","idiot","üé±üé±üé±"
"8","legendary","Second only positive Fibonacci number for Perfect Cube"
"8","normal","8 Ball pool"
"8","epic","Bits in a Byte"
"8","rare",""
"8.1","rare","Windows 8.1"
"8008135","1337","(. ) ( .)"
"88","rare","Back to the Future!"
"9","1337","g"
"9","epic","9Ô∏è‚É£"
"9","idiot","Nein!"
"9","legendary","Motzkin Number"
"9","normal","Cloud 9"
"9","rare","Completion, Enlightenment"
"9000","legendary","üí™ It's over 9000!"
"90210","normal","Beverly Hills ZIP Code"
"90210","rare","Beverly Hills"
"9223372036854776000","1337","Maximum value for a 64-bit integer"
"999","epic","Maximum HP in many RPG games"
"œÄ","rare","Pi"
"Android","epic","Mobile OS"
"Anime","normal","–ö–∞–∫ —Å—Ç–∞—Ç—å –∞–Ω–∏–º–µ, –ø–æ—à–∞–≥–æ–≤–∞—è –∏–Ω—Å—Ç—Ä—É–∫—Ü–∏—è][https://www.youtube.com/watch?v=gL8VRSKOAbo"
"Atari","legendary","Classic Game Console"
"ASCII","1337","Character Encoding Standard"
"api","epic","Application Programming Interface"
"BB8","rare","Star Wars Droid"
"Bitcoin","legendary","Cryptocurrency"
"Black Hole","epic","Space Phenomenon"
"Captcha","idiot","I am not a robot!"
"Captain Kirk","legendary","Star Trek"
"Cylon","rare","Battlestar Galactica"
"CSS","rare","Cascading Style Sheets"
"Deku","epic","My Hero Academia"
"Docker","epic","Containerization Platform"
"D20","rare","Critical Hit"
"easter_egg","epic","Hidden```` Secret"
"Einstein","epic","Theory of Relativity"
"Elon Musk","legendary","Tech Entrepreneur"
"Fibonacci","rare","Mathematical Sequence"
"Gandalf","legendary","The Lord of the Rings"
"GG","normal","Good Game!"
"Goku","legendary","Dragon Ball Z"
"Groot","legendary","I am Groot"
"HAL9000","epic","Heuristically Programmed Algorithmic Computer"
"Hodor","epic","Game of Thrones"
"iPhone","epic","Apple Smartphone"
"JavaScript","epic","Programming Language"
"Jedi","legendary","Star Wars"
"Link","legendary","The Legend of Zelda"
"Monty Python","rare","Flying Circus"
"Sherlock","epic","Consulting Detective"
"Sith","rare","Dark Side of the Force"
"TARDIS","legendary","Time and Relative Dimension in Space"
"Vulcan","rare","Live Long and Prosper"
"Kubernetes","epic","Container Orchestration"
"Naruto","legendary","Ninja Anime"
"One Piece","legendary","Pirate Adventure Anime"
"Python","epic","Programming Language"
"Sailor Moon","legendary","Magical Girl Anime"
"SQL","rare","Structured Query Language"
"Totoro","legendary","Studio Ghibli Icon"
"Miyamoto","legendary","Nintendo Game Designer"
"Neptune","rare","Planet"
"Optimus Prime","legendary","Transformers"
"Pac-Man","legendary","Arcade Game"
"Rick Sanchez","epic","Rick and Morty"
"Spock","legendary","Star Trek"
"Lightsaber","legendary","Oh, Jedi?"
"DROP DATABASE","legendary","–Ø QA-–∏–Ω–∂–µ–Ω–µ—Ä"
"All Your Base","legendary","Are Belong to Us"
"lorem_ipsum","rare","Placeholder Text"
"sharingan","legendary","Sharingan (Eye Technique)"
"death_note","legendary","Death Note"
"genjutsu","epic","Illusion Technique"
"tsundere","rare","Tsundere (Personality Type)"
"gundam","legendary","Giant Robot"
"ctrl_alt_delete","rare","Reboot Command"
"bug","epic","Software Error"
"cloud","rare","Data Storage"
"firewall","epic","Security System"
"wifi","rare","Wireless Internet"
"achievement_unlocked","epic","Congratulations!"
"game_over","rare","You Lose"
"power_up","legendary","Boost Your Character"
"level_up","epic","Character Progression"
"mario","legendary","Jumpman (Super Mario)"
"triforce","legendary","Power of the Gods (Legend of Zelda)"
"pokeball","epic","Gotta Catch 'Em All (Pokemon)"
"mana","epic","Magical Energy (Fantasy)"
"git","epic","Version Control System"
"stack_overflow","legendary","Where Programmers Go for Help"
"debug","epic","Finding and Fixing Errors"
"html","epic","HyperText Markup Language"
"css","epic","Cascading Style Sheets"
"javascript","legendary","Ubiquitous Programming Language"
"framework","epic","Software Development Structure"
"linux","epic","Open-Source Operating System"
"console","epic","Command Line Interface"
"rpg","epic","Role-Playing Game"
"fps","epic","First-Person Shooter"
"mmo","epic","Massively Multiplayer Online"
"dlc","epic","Downloadable Content"
"easter_egg","epic","Hidden Secret (In-Game)"
"achievement_unlocked","epic","Congratulations!"
"pc_master_race","normal","PC Gaming Enthusiast"
"walkthrough","normal","Step-by-Step Guide"
"fps_boost","normal","Improved Frame Rate"
"grinding","normal","Repetitive Gameplay for Progress"
"newbie","normal","New Player"
"gacha","normal","Random Item System (Gaming)"
"pay_to_win","normal","Spend Money for Advantage"
"free_to_play","normal","Play Without Spending Money"
"multiplayer","normal","Playing with Others Online"
"Singleplayer","normal","Playing Alone"
"Open world","normal","Vast and Freely Explorable World"
"Permadeath","normal","Character Death is Permanent"
"strategy_game","normal","Game Focused on Planning"
"puzzle_game","normal","Game Focused on Solving Puzzles"
"platformer","normal","Game with Jumping and Running"
"roguelike","normal","Procedurally Generated Levels"
"Retro Gaming","normal","Classic Video Game Style"
"PixelArt","normal","Low-Resolution Graphics"
"Walkthrough","normal","Step-by-Step Guide"
"Grinding","normal","Repetitive Gameplay for Progress"
"Newbie","normal","New Player"
"Gacha","normal","Random Item System (Gaming)"
"Paytowin","normal","Spend Money for Advantage"
"FreetüÜìplay","normal","Play Without Spending Money"
"Multiplayer","normal","Playing with Others Online"
"Singleplayer","normal","Playing Alone"
"Openworld","normal","Vast and Freely Explorable World"
"Permadeath","normal","Character Death is Permanent"
"Rpgelements","normal","Role-Playing Mechanics"
"Strategygame","normal","Game Focused on Planning"
"Puzzlegame","normal","Game Focused on Solving Puzzles"
"Platformer","normal","Game with Jumping and Running"
"Roguelike","normal","Procedurally Generated Levels"
"Pixelart","normal","Low-Resolution Graphics"
"Animeartstyle","normal","Animation-Inspired Visuals"
"Weeb","normal","Anime Fan"
"Tsundere","rare","Tsundere Personality"